Codon,AminoAcid,Letter,FullName,Fraction
AAA,Lys,K,Lysine,0.42
AAC,Asn,N,Asparagine,0.54
AAG,Lys,K,Lysine,0.58
AAT,Asn,N,Asparagine,0.46
ACA,Thr,T,Threonine,0.28
ACC,Thr,T,Threonine,0.36
ACG,Thr,T,Threonine,0.12
ACT,Thr,T,Threonine,0.24
AGA,Arg,R,Arginine,0.2
AGC,Ser,S,Serine,0.24
AGG,Arg,R,Arginine,0.2
AGT,Ser,S,Serine,0.15
ATA,Ile,I,Isoleucine,0.16
ATC,Ile,I,Isoleucine,0.48
ATG,Met,M,Methionine,1
ATT,Ile,I,Isoleucine,0.36
CAA,Gln,Q,Glutamine,0.25
CAC,His,H,Histidine,0.59
CAG,Gln,Q,Glutamine,0.75
CAT,His,H,Histidine,0.41
CCA,Pro,P,Proline,0.27
CCC,Pro,P,Proline,0.33
CCG,Pro,P,Proline,0.11
CCT,Pro,P,Proline,0.28
CGA,Arg,R,Arginine,0.11
CGC,Arg,R,Arginine,0.19
CGG,Arg,R,Arginine,0.21
CGT,Arg,R,Arginine,0.08
CTA,Leu,L,Leucine,0.07
CTC,Leu,L,Leucine,0.2
CTG,Leu,L,Leucine,0.41
CTT,Leu,L,Leucine,0.13
GAA,Glu,E,Glutamic_acid,0.42
GAC,Asp,D,Aspartic_acid,0.54
GAG,Glu,E,Glutamic_acid,0.58
GAT,Asp,D,Aspartic_acid,0.46
GCA,Ala,A,Alanine,0.23
GCC,Ala,A,Alanine,0.4
GCG,Ala,A,Alanine,0.11
GCT,Ala,A,Alanine,0.26
GGA,Gly,G,Glycine,0.25
GGC,Gly,G,Glycine,0.34
GGG,Gly,G,Glycine,0.25
GGT,Gly,G,Glycine,0.16
GTA,Val,V,Valine,0.11
GTC,Val,V,Valine,0.24
GTG,Val,V,Valine,0.47
GTT,Val,V,Valine,0.18
TAA,Stp,O,Stop,0.28
TAC,Tyr,Y,Tyrosine,0.57
TAG,Stp,O,Stop,0.2
TAT,Tyr,Y,Tyrosine,0.43
TCA,Ser,S,Serine,0.15
TCC,Ser,S,Serine,0.22
TCG,Ser,S,Serine,0.06
TCT,Ser,S,Serine,0.18
TGA,Stp,O,Stop,0.52
TGC,Cys,C,Cysteine,0.55
TGG,Trp,W,Tryptophan,1
TGT,Cys,C,Cysteine,0.45
TTA,Leu,L,Leucine,0.07
TTC,Phe,F,Phenylalanine,0.55
TTG,Leu,L,Leucine,0.13
TTT,Phe,F,Phenylalanine,0.45
